Date,AAPL,MSFT,GOOG,META,TSLA,AMZN,NFLX,NVDA,AMD,INTC,SPGI,CRM,ADBE,PYPL,SMCI
2024-01-02,Buy,Hold,Sell,Buy,Hold,Sell,Buy,Sell,Hold,Buy,Hold,Sell,Buy,Hold,Sell
2024-01-03,Sell,Buy,Hold,Sell,Buy,Hold,Buy,Sell,Buy,Hold,Sell,Buy,Hold,Sell,Buy
2024-01-04,Hold,Sell,Buy,Hold,Sell,Buy,Hold,Buy,Sell,Buy,Hold,Sell,Buy,Hold,Sell
2024-01-05,Buy,Hold,Sell,Buy,Sell,Hold,Sell,Buy,Hold,Sell,Buy,Hold,Sell,Buy,Hold
2024-01-08,Sell,Buy,Hold,Hold,Buy,Hold,Buy,Hold,Sell,Buy,Hold,Sell,Hold,Buy,Sell
2024-01-09,Hold,Sell,Buy,Sell,Hold,Sell,Hold,Buy,Hold,Sell,Buy,Hold,Sell,Buy,Hold
2024-01-10,Buy,Buy,Hold,Sell,Sell,Buy,Sell,Hold,Sell,Hold,Buy,Sell,Hold,Sell,Buy
2024-01-11,Sell,Hold,Buy,Hold,Buy,Hold,Sell,Buy,Hold,Sell,Hold,Sell,Buy,Hold,Sell
2024-01-12,Hold,Sell,Sell,Buy,Hold,Sell,Hold,Sell,Buy,Hold,Sell,Buy,Hold,Sell,Hold
2024-01-16,Buy,Hold,Buy,Sell,Buy,Sell,Buy,Hold,Sell,Buy,Hold,Buy,Sell,Buy,Hold
